Student,Study_Hours,Attendance_%,Assignment_Score,Final_Marks
asha,2.0,80.0,70.0,65.0
rahul,4.0,90.0,85.0,82.0
priya,5.0,85.0,88.0,90.0
kiran,3.0,70.0,60.0,58.0
meena,6.0,95.0,92.0,94.0
arjun,7.0,88.0,95.0,96.0
sneha,4.333333333333333,92.0,90.0,91.0
vikram,4.0,84.88888888888889,75.0,72.0
anita,5.0,86.0,80.33333333333333,85.0
rohit,3.0,78.0,68.0,81.44444444444444
